{
    "train_loss": [
        3.392948375102774,
        2.5285421041412794,
        2.1470705397398113,
        1.9297303999516886,
        1.7546551980030656,
        1.5928923715018095,
        1.4554474558957522,
        1.333018499770453,
        1.2276897748170215,
        1.130986408494788,
        1.0347810398082902,
        0.9600930955817649,
        0.8645489614712422,
        0.7840367026148908,
        0.7107386362768368,
        0.633727456680704,
        0.5642442087966194,
        0.49690514361755944,
        0.4396754035628109,
        0.3813167585159512,
        0.34563370774459523,
        0.29627504371013996,
        0.2449921910981204,
        0.21531619741544947,
        0.1984933626816587,
        0.16816232792688263,
        0.14087144644156996,
        0.12664334233733085,
        0.11361535026395957,
        0.10109713697553065,
        0.08917127925306609,
        0.0860465595479978,
        0.06734711197714292,
        0.06702602751793031,
        0.06327194186254366,
        0.05038101430514745,
        0.04994545854413148,
        0.0426397200153255,
        0.042584854164300266,
        0.0424038423442099,
        0.038016652870408375,
        0.037440693851812305,
        0.03682841274218579,
        0.03548168750289802,
        0.03600549932768619,
        0.03617726326964801,
        0.03833474437997365,
        0.040233407202303936,
        0.04358964039498516,
        0.046486819503700226
    ],
    "train_accuracy": [
        0.29861277780444484,
        0.4687755004080065,
        0.5390486247779964,
        0.5856573705179282,
        0.6220179522872366,
        0.6553784860557769,
        0.680890894254308,
        0.7083473335573369,
        0.7280996495943934,
        0.7454039264628234,
        0.7677722843565497,
        0.782316517064273,
        0.8009648154370469,
        0.8161810588969423,
        0.8350213603417654,
        0.8504296068737099,
        0.8693419094705515,
        0.884750156002496,
        0.8997743963903422,
        0.9180146882350118,
        0.9246387942207075,
        0.9362549800796812,
        0.9512792204675274,
        0.9596073537176594,
        0.962535400566409,
        0.9706715307444919,
        0.9784716555464887,
        0.9820717131474103,
        0.9841597465559448,
        0.9891998271972351,
        0.9902558440935054,
        0.9919358709739355,
        0.9958239331829308,
        0.995007920126722,
        0.9951039216627465,
        0.998679978879662,
        0.9980079681274899,
        0.9994239907838525,
        0.9990639850237604,
        0.9991599865597849,
        0.9995679930878894,
        0.9995679930878894,
        0.9995679930878894,
        0.999663994623914,
        0.99968799500792,
        0.9997839965439447,
        0.99968799500792,
        0.9997839965439447,
        0.9996159938559016,
        0.9992799884798156
    ],
    "val_loss": [
        1.5772788199355399,
        1.401829339343923,
        1.29507908089887,
        1.3054008746221537,
        1.1121248058314972,
        1.016603851879075,
        0.9518186107424486,
        0.910706692500626,
        0.8748044399783741,
        0.9267544865980119,
        0.9914503165334999,
        0.8324769360572278,
        0.8835906808771674,
        0.8724791756172904,
        0.8659042553390163,
        0.9808998559915622,
        0.9634809437946991,
        1.0913400868016923,
        1.208528569427245,
        1.2257144626221956,
        1.1378465894889511,
        1.220817025056239,
        1.2931195000592886,
        1.3293999513333612,
        1.4677594618343008,
        1.5212321778639117,
        1.6329295664975647,
        1.732431063985035,
        2.0170900319616427,
        2.0233629280810796,
        2.0147849936150006,
        1.9070023404971168,
        1.9483224864426008,
        2.1862080755753284,
        2.154719133242046,
        2.12174237240754,
        2.1353107851301707,
        2.1610682698385535,
        2.1809711417964186,
        2.2024060751798484,
        2.2173612127494033,
        2.2557028832125496,
        2.2772380645995463,
        2.2757212581867963,
        2.307463229632303,
        2.296833038845021,
        2.2980504898193046,
        2.3058781337760923,
        2.3112446550044736,
        2.3243452097432975
    ],
    "val_accuracy": [
        0.41708663306935445,
        0.48524118070554356,
        0.5263978881689465,
        0.5515958723302136,
        0.6047516198704104,
        0.6379889608831294,
        0.6568274538036957,
        0.6829853611711063,
        0.69150467962563,
        0.6954643628509719,
        0.6719462443004559,
        0.7241420686345093,
        0.7171826253899688,
        0.720902327813775,
        0.7325413966882649,
        0.7174226061915047,
        0.7351811855051595,
        0.710823134149268,
        0.711063114950804,
        0.7167026637868971,
        0.7392608591312695,
        0.7380609551235902,
        0.7404607631389489,
        0.7437005039596832,
        0.7452603791696665,
        0.7451403887688984,
        0.7373410127189824,
        0.7389008879289657,
        0.7175425965922726,
        0.7241420686345093,
        0.7350611951043916,
        0.740220782337413,
        0.7486201103911687,
        0.730381569474442,
        0.7392608591312695,
        0.7404607631389489,
        0.7437005039596832,
        0.749940004799616,
        0.7463402927765779,
        0.7510199184065275,
        0.749940004799616,
        0.7486201103911687,
        0.7488600911927046,
        0.7497000239980801,
        0.7494600431965442,
        0.7504199664026878,
        0.7483801295896328,
        0.7479001679865611,
        0.748020158387329,
        0.7473002159827213
    ],
    "test_loss": 2.2380195720672607,
    "test_accuracy": 0.7507
}