{
    "train_loss": [
        1.8818006624767145,
        1.4312931715867034,
        1.2146445926110205,
        1.083309851800326,
        0.968633790113279,
        0.8847786174106373,
        0.8117842265294207,
        0.743809187211415,
        0.6758008981233986,
        0.6325622216558706,
        0.5683286844055389,
        0.5178217878304566,
        0.45622651587181257,
        0.41678212323923736,
        0.35830983352789597,
        0.3159836658031594,
        0.27460993703989217,
        0.21782658649796696,
        0.22062079560229156,
        0.159157337218606,
        0.1379250735126735,
        0.12400423424730415,
        0.09527066254211873,
        0.07983981495115956,
        0.06084950310397822,
        0.07551203732399786,
        0.04611963550974696,
        0.05199708472861963,
        0.032224640237205456,
        0.02572940863457557,
        0.037691596210252705,
        0.016798495101888047,
        0.013004781940102576,
        0.017317396182687045,
        0.014290150977116457,
        0.008282086492593646,
        0.004624913626530525,
        0.006543776077373399,
        0.0058417208705226565,
        0.0006853466776630542,
        0.0027245938382153122,
        0.0020576695960161586,
        0.0005926572839791046,
        0.0003871119498337225,
        -0.00021604642426716777,
        -0.00310386692606728,
        -0.01132004735207806
    ],
    "train_accuracy": [
        0.2988767820285124,
        0.47995967935486966,
        0.5623049968799501,
        0.6137858205731291,
        0.6553304852877646,
        0.6881630106081696,
        0.7134594153506456,
        0.7367637882206115,
        0.7582681322901166,
        0.7779244467911486,
        0.7993327893246291,
        0.8169010704171267,
        0.8381654106465702,
        0.8529976479623673,
        0.8733499735995776,
        0.8862141794268708,
        0.9021264340229443,
        0.9234627754044065,
        0.9221667546680746,
        0.9441751068017088,
        0.9508232131714107,
        0.9566793068689099,
        0.9683194931118897,
        0.9716315461047376,
        0.978687659002544,
        0.9744395910334565,
        0.9854557672922766,
        0.9824797196755147,
        0.9894638314213027,
        0.9922958767340276,
        0.9883598137570201,
        0.9952719243507896,
        0.9964959439351029,
        0.995007920126722,
        0.9963039408630537,
        0.9980319685114961,
        0.998847981567705,
        0.9981279700475207,
        0.9980559688955023,
        0.9998319973119569,
        0.9992319877118033,
        0.9993759900158402,
        0.99968799500792,
        0.9997359957759323,
        0.9997599961599385,
        0.9998079969279507,
        0.9995679930878894
    ],
    "val_loss": [
        1.4749221530840613,
        1.2207316353591706,
        1.200882896720176,
        1.076144160027409,
        1.0351192440550647,
        0.9570655750947975,
        1.0717659615085713,
        0.8040735387447385,
        0.8866745255277801,
        0.8609626769647628,
        0.8448440837780005,
        0.8179572103176296,
        0.9886395793639701,
        0.9202960658079147,
        0.877125685638966,
        0.9438806235547085,
        1.1249332543268518,
        1.1176422861001747,
        1.0739290198176663,
        1.1763078109921097,
        1.3638732394698372,
        1.3668458892883144,
        1.3584483837892547,
        1.4418958470722396,
        1.6748081124712872,
        1.4556012517804575,
        1.5199184205167608,
        1.5307987950132538,
        1.8096053446400557,
        1.7518738607780122,
        1.6376591159309275,
        1.6512051729781754,
        1.7161504773748044,
        1.7960954464280066,
        1.74821998519751,
        1.7665636497691635,
        1.8323367903894563,
        1.830747191385883,
        1.841060788962719,
        1.8826323520201758,
        1.907122781644601,
        1.9385671049163358,
        1.956124335076845,
        1.9367252657217233,
        1.9500599844666846,
        1.9602429793554443,
        1.9530207035722909
    ],
    "val_accuracy": [
        0.45440364770818337,
        0.5611951043916487,
        0.5677945764338853,
        0.6201103911687065,
        0.6382289416846653,
        0.6628269738420927,
        0.640748740100792,
        0.7230621550275977,
        0.7019438444924406,
        0.7029037676985841,
        0.7239020878329734,
        0.7300215982721382,
        0.6899448044156468,
        0.7186225101991841,
        0.7365010799136069,
        0.7312215022798176,
        0.7037437005039597,
        0.720782337413007,
        0.7373410127189824,
        0.7264218862491001,
        0.7101031917446604,
        0.7248620110391168,
        0.7318214542836573,
        0.722582193424526,
        0.7122630189584833,
        0.7373410127189824,
        0.7339812814974802,
        0.7381809455243581,
        0.716822654187665,
        0.7252219822414206,
        0.7375809935205183,
        0.7393808495320374,
        0.7379409647228222,
        0.730621550275978,
        0.7397408207343412,
        0.7419006479481641,
        0.7399808015358771,
        0.7392608591312695,
        0.7399808015358771,
        0.7392608591312695,
        0.7387808975281978,
        0.7333813294936405,
        0.7347012239020878,
        0.736381089512839,
        0.7350611951043916,
        0.7325413966882649,
        0.7287017038636909
    ],
    "test_loss": 1.9084940559387207,
    "test_accuracy": 0.736
}