{
    "train_loss": [
        1.887671665686867,
        1.422815376091855,
        1.2425201896263176,
        1.1008825802009952,
        0.9983844165296623,
        0.9124869124965936,
        0.838094541164537,
        0.7740743937203203,
        0.7155928405329263,
        0.661213289800582,
        0.6042405678510884,
        0.5477528000412377,
        0.5089869615165659,
        0.45426614676453186,
        0.4038707541416915,
        0.3772198338066399,
        0.3242875291766387,
        0.2835884969020773,
        0.25202553312563347,
        0.21338763153953416,
        0.18165658581146285,
        0.16199858155993296,
        0.1402120882965242,
        0.11252294814097254,
        0.09402190424476504,
        0.08120270487432846,
        0.08125377253255138,
        0.060186669517998524,
        0.06613152443059782,
        0.043478779169315855,
        0.03656287911389039,
        0.030479355442385482,
        0.031005572280701024,
        0.04183340386963822,
        0.0153800915042172,
        0.016875287100585952,
        0.015780622969129358
    ],
    "train_accuracy": [
        0.2955407286516584,
        0.483847741563865,
        0.5533768540296644,
        0.6123217971487543,
        0.6447703163250612,
        0.6800268804300869,
        0.7038112609801757,
        0.7280036480583689,
        0.7495559928958863,
        0.7673162770604329,
        0.7880766092257475,
        0.8083809340949455,
        0.8204051264820237,
        0.8403494455911295,
        0.8568137090193443,
        0.8673978783660538,
        0.886598185570969,
        0.9020304324869197,
        0.9116545864733835,
        0.9245907934526952,
        0.9357749723995583,
        0.9440071041136657,
        0.9511832189315028,
        0.9614313829021264,
        0.9684874957999328,
        0.9740075841213459,
        0.9721595545528728,
        0.9813757020112321,
        0.9790956655306484,
        0.9866077857245715,
        0.9897758364133825,
        0.9921518744299909,
        0.9908798540776652,
        0.9887438199011184,
        0.9970479527672442,
        0.9962799404790476,
        0.996687947007152
    ],
    "val_loss": [
        1.433854014031859,
        1.2926265876699987,
        1.2921435553334673,
        1.0133560171280658,
        0.9525452907033353,
        0.9221990994763998,
        0.9273682457238672,
        0.8430116169596279,
        0.8792653181783467,
        0.8587941732342534,
        0.9042191290729533,
        0.8594402780428704,
        0.8104574269375299,
        0.8884516858442355,
        0.9182995426832185,
        0.9373568780907974,
        1.0008419098429524,
        1.0843237953733018,
        1.0522337824942998,
        1.0346819283094284,
        1.1191203047510014,
        1.3235274153073857,
        1.2422196880816154,
        1.2266460764828648,
        1.3619766683065837,
        1.3835432026521863,
        1.4498774428318408,
        1.4765821575746565,
        1.4760186547193992,
        1.5969262862051024,
        1.6325149266932089,
        1.6773578008359247,
        1.8585103292787908,
        1.5933753971805211,
        1.6695643938757803,
        1.6486940610199945,
        1.6556100622481056
    ],
    "val_accuracy": [
        0.4656827453803696,
        0.5392368610511159,
        0.5355171586273099,
        0.6382289416846653,
        0.662227021838253,
        0.6709863210943124,
        0.6783057355411567,
        0.7115430765538757,
        0.7062634989200864,
        0.7113030957523399,
        0.7133429325653947,
        0.7163426925845933,
        0.7408207343412527,
        0.7313414926805856,
        0.7222222222222222,
        0.7337413006959443,
        0.7236621070314375,
        0.7240220782337413,
        0.7299016078713703,
        0.744180465562755,
        0.734341252699784,
        0.7289416846652268,
        0.7420206383489321,
        0.7369810415166786,
        0.7342212622990161,
        0.7497000239980801,
        0.7387808975281978,
        0.7421406287497,
        0.7451403887688984,
        0.740100791936645,
        0.7354211663066955,
        0.7377009839212862,
        0.7311015118790497,
        0.7483801295896328,
        0.7463402927765779,
        0.746100311975042,
        0.7493400527957763
    ],
    "test_loss": 1.4698393175125122,
    "test_accuracy": 0.7405
}