{
    "train_loss": [
        1.825440528926896,
        1.4432465325611286,
        1.276237396387545,
        1.1591261882786101,
        1.0740658506934884,
        1.0058601325323193,
        0.9430203890712355,
        0.9002300453175736,
        0.8589934139538273,
        0.8146400589477837,
        0.7774247749198652,
        0.7400602289729733,
        0.7098919877257011,
        0.6745879923262198,
        0.6405166159988577,
        0.6176000260010126,
        0.584082045767921,
        0.5514835524889761,
        0.5378582841039751,
        0.5013539141244028,
        0.47087842699535315,
        0.44825526026375256,
        0.4129740308108495,
        0.3869893213170132,
        0.3665663329239328,
        0.33836513080848357,
        0.3147109741479071,
        0.295730714688316,
        0.27081937921068383,
        0.25753872017644575,
        0.23495929040040137,
        0.2142667310783662,
        0.2005014323851574,
        0.184799947977561,
        0.17293354110812933,
        0.15848456479468462,
        0.14732983217493786,
        0.1405642212477224,
        0.1303674184414993,
        0.12459392570333248,
        0.11948789387007222,
        0.11560216559811622
    ],
    "train_accuracy": [
        0.32330917294676714,
        0.47631162098593577,
        0.537800604809677,
        0.587433398934383,
        0.6156338501416022,
        0.645082321317141,
        0.6674266788268612,
        0.6833389334229347,
        0.6981471703547256,
        0.7137714203427254,
        0.7268036288580617,
        0.7430278884462151,
        0.7532040512648202,
        0.7679402870445927,
        0.7792684682954927,
        0.7856765708251332,
        0.8007248115969855,
        0.8134450151202419,
        0.8153890462247395,
        0.8283252532040513,
        0.8409014544232707,
        0.8510296164738635,
        0.8644458311332981,
        0.8735659770556329,
        0.8805980895694331,
        0.8926702827245235,
        0.9039744635914174,
        0.908918542696683,
        0.9187106993711899,
        0.9243027888446215,
        0.9327749243987903,
        0.9425910814573033,
        0.947391158258532,
        0.9540152642442279,
        0.9583353333653338,
        0.9631354101665626,
        0.9691835069361109,
        0.9707435318965103,
        0.9757596121537944,
        0.9775836413382614,
        0.9792636682186915,
        0.9809436950991215
    ],
    "val_loss": [
        1.6151611300032003,
        1.5084203523441788,
        1.2038825979214478,
        1.1354658425154662,
        1.0915776736621294,
        1.0038325618232844,
        0.9845117396206372,
        0.968871171079095,
        0.9539808174217522,
        0.9030226486204681,
        0.8980484791216244,
        0.8713639492407274,
        0.8556754104033173,
        0.814522178075226,
        0.8890802628392649,
        0.9245420535148006,
        0.8401323214749051,
        0.8999539998429039,
        0.807218024477216,
        0.7934606610255359,
        0.8063330087253794,
        0.7732103825588148,
        0.7754877608815686,
        0.8162297038600574,
        0.7906903282383634,
        0.8060144849295007,
        0.7825162982465782,
        0.7979549569908537,
        0.8351043434002315,
        0.8112522156541228,
        0.8253317949280968,
        0.8287151592625168,
        0.8564980838734783,
        0.830614262800695,
        0.8610469704198414,
        0.8605498046734249,
        0.860770791161109,
        0.8794865260485811,
        0.8771916617728092,
        0.8850232957220203,
        0.8957256460350024,
        0.8924169973672538
    ],
    "val_accuracy": [
        0.3960883129349652,
        0.47144228461723064,
        0.5623950083993281,
        0.5886729061675066,
        0.6084713222942164,
        0.6469882409407247,
        0.6531077513798896,
        0.6565874730021598,
        0.661987041036717,
        0.6827453803695704,
        0.6844252459803216,
        0.689584833213343,
        0.7018238540916727,
        0.7171826253899688,
        0.6846652267818575,
        0.6837053035757139,
        0.7113030957523399,
        0.6910247180225582,
        0.7253419726421886,
        0.7307415406767459,
        0.7218622510199184,
        0.7420206383489321,
        0.7325413966882649,
        0.7259419246460284,
        0.7399808015358771,
        0.7423806095512359,
        0.7407007439404848,
        0.7452603791696665,
        0.738300935925126,
        0.7467002639788817,
        0.7504199664026878,
        0.7420206383489321,
        0.7387808975281978,
        0.7449004079673626,
        0.7432205423566115,
        0.7468202543796496,
        0.7468202543796496,
        0.7420206383489321,
        0.7417806575473962,
        0.746100311975042,
        0.7419006479481641,
        0.7450203983681305
    ],
    "test_loss": 0.8528220911026001,
    "test_accuracy": 0.7354
}