{
    "train_loss": [
        1.8935449947427583,
        1.463979208777814,
        1.2473083651455503,
        1.1004709513839275,
        0.9877609318785767,
        0.9109191752454153,
        0.8333614151467972,
        0.768803544290661,
        0.7120320224752807,
        0.6814218667581994,
        0.6228035416083747,
        0.5670742060541563,
        0.5104021917542569,
        0.45908529473489135,
        0.4127428163869308,
        0.37197896552796567,
        0.339640546622098,
        0.3194413687380691,
        0.2461715811415695,
        0.22058503487380882,
        0.18925127069065847,
        0.1664978067678918,
        0.12787831460997878,
        0.12749821080239748,
        0.09630908325109955,
        0.0811849231436656,
        0.06820360282759225,
        0.061061607558561506,
        0.059906351365968356,
        0.04050176450477532,
        0.03441722608623452,
        0.032553278311724686,
        0.024974274246171595,
        0.019272748432968646,
        0.026836459524859673,
        0.015995829163648674,
        0.015165985778387374
    ],
    "train_accuracy": [
        0.29645274324389187,
        0.46949551192819083,
        0.5564729035664571,
        0.6114097825565209,
        0.6530264484231747,
        0.6800268804300869,
        0.7052272836365382,
        0.7296596745547929,
        0.7519080305284884,
        0.7639562232995728,
        0.7821725147602361,
        0.8000288004608074,
        0.8197811164978639,
        0.8388374213987423,
        0.8536936590985456,
        0.8697019152306437,
        0.8814141026256419,
        0.8891422262756203,
        0.9148226371621946,
        0.9228867661882589,
        0.935054960879374,
        0.9417030672490759,
        0.9557432918926703,
        0.9563433014928239,
        0.9679114865837852,
        0.9738395814333028,
        0.9779916478663658,
        0.9806076897230355,
        0.9809916958671339,
        0.9883118129890077,
        0.9902558440935054,
        0.9909518552296837,
        0.9932078913262612,
        0.9951519224307588,
        0.9928958863341812,
        0.9964479431670906,
        0.9968079489271827
    ],
    "val_loss": [
        1.5037283205087733,
        1.2474426598980297,
        1.16374503706524,
        0.9963392581131809,
        0.9496702209261644,
        0.874027187686359,
        0.8476901058959595,
        0.904609872764439,
        0.8515479386582316,
        1.003339725631245,
        0.8000495375018054,
        0.8076864861743983,
        0.8300377181859677,
        0.9361299898145523,
        0.9230011839760217,
        0.9114744969200453,
        1.0674052213432408,
        0.943175898557777,
        1.0149929824137476,
        1.0306080868983973,
        1.1789164335172126,
        1.114250234714194,
        1.2569338579901066,
        1.3376320623968154,
        1.3158602084019557,
        1.3471185041612534,
        1.3970908649482114,
        1.4648917646238722,
        1.5227438236616029,
        1.468734686369515,
        1.5020636165059096,
        1.5705477391497706,
        1.6047298084897104,
        1.5846449840775434,
        1.6417318458662407,
        1.6028469036830997,
        1.6456426435561669
    ],
    "val_accuracy": [
        0.4353251739860811,
        0.5425965922726181,
        0.5717542596592272,
        0.6394288456923446,
        0.6615070794336453,
        0.6857451403887689,
        0.6979841612670986,
        0.6877849772018239,
        0.697384209263259,
        0.6688264938804895,
        0.7260619150467963,
        0.7235421166306696,
        0.7301415886729061,
        0.7138228941684666,
        0.7171826253899688,
        0.7321814254859611,
        0.7044636429085673,
        0.7348212143028557,
        0.7327813774898008,
        0.7288216942644589,
        0.7222222222222222,
        0.7399808015358771,
        0.7354211663066955,
        0.7326613870890328,
        0.7379409647228222,
        0.7443004559635229,
        0.740100791936645,
        0.7355411567074635,
        0.7391408687305016,
        0.7427405807535398,
        0.7437005039596832,
        0.7353011759059275,
        0.7395008399328054,
        0.7435805135589153,
        0.7413006959443245,
        0.7414206863450924,
        0.7386609071274298
    ],
    "test_loss": 1.419273218870163,
    "test_accuracy": 0.7436
}