{
    "train_loss": [
        3.4202341719355327,
        2.590989503301192,
        2.1639224498046374,
        1.9210625905356702,
        1.703225407670914,
        1.531327274107403,
        1.4082880941787506,
        1.2776098539423784,
        1.1793141306735537,
        1.066672719847319,
        0.9603359842511919,
        0.8732458714939185,
        0.7820572286310664,
        0.7128865677441888,
        0.639056399856216,
        0.561064767625555,
        0.4862299533398596,
        0.4188277368249011,
        0.3803421211747368,
        0.332542311786777,
        0.2705077764460189,
        0.24389294406423898,
        0.2265979595172013,
        0.168818840727597,
        0.15491094890964166,
        0.13319562393830636,
        0.11441287370005915,
        0.10765243068130728,
        0.08299951685697766,
        0.09014023647466195,
        0.061982671678838426,
        0.05562273645119731,
        0.05963369984399646,
        0.041662883070350605,
        0.046289289363954114,
        0.03843681641493538,
        0.03078144942481901,
        0.03325021195172488,
        0.02732392042359381,
        0.027617001450188614,
        0.023071463199515967,
        0.023621541414727856,
        0.021059992469717185,
        0.022995571591572606,
        0.02022891849215136,
        0.02214821725372512,
        0.024008541921559965,
        0.02531272582409377
    ],
    "train_accuracy": [
        0.2960927374837997,
        0.46289540632650117,
        0.5402486439783036,
        0.5872173954783276,
        0.6365621849949599,
        0.6685306964911438,
        0.6897710363365813,
        0.7179234867757883,
        0.7346757548120769,
        0.7565401046416742,
        0.7776124417990687,
        0.7957807324917198,
        0.814957039312629,
        0.8325253204051264,
        0.8455575289204627,
        0.865261844189507,
        0.8843181490903854,
        0.9028224451591225,
        0.911222579561273,
        0.9252628042048672,
        0.9396870349925598,
        0.9453511256180098,
        0.9519512312196995,
        0.9693995103921662,
        0.9702155234483751,
        0.9770556328901262,
        0.9811596985551768,
        0.9824797196755147,
        0.989367829885278,
        0.9862717803484855,
        0.9929678874861997,
        0.9945279124465991,
        0.9931358901742428,
        0.9974799596793548,
        0.9959439351029615,
        0.9974319589113425,
        0.9989679834877357,
        0.9983199731195699,
        0.9993759900158402,
        0.9991119857917726,
        0.9997599961599385,
        0.9993999903998463,
        0.9997599961599385,
        0.9995439927038832,
        0.9998319973119569,
        0.9995439927038832,
        0.9995679930878894,
        0.9996159938559016
    ],
    "val_loss": [
        1.5395566929379383,
        1.3122216542046905,
        1.1482002155254978,
        1.1152634460175956,
        1.01008542038309,
        0.9746919457564001,
        0.9051072233753694,
        1.0521019598491934,
        0.8777766607921702,
        0.8807401507341922,
        0.8596961309877208,
        0.8736662871264885,
        0.9497317194595364,
        0.9277492151976718,
        0.9621237868280871,
        0.9296566533161233,
        1.0805367732007984,
        1.048091410246003,
        1.2464365406891182,
        1.2033173193927575,
        1.3477477248921679,
        1.4781967066791608,
        1.3343850032786027,
        1.4723544309600984,
        1.4782968768119125,
        1.7920086958410073,
        1.7590712669343722,
        1.9394439644512582,
        1.8875891323824252,
        1.9118740294286893,
        1.875415808839251,
        2.220512110007762,
        1.9541797677132333,
        2.088459643723726,
        2.3197611289142217,
        2.101653860088501,
        2.1254008580718877,
        2.1518751872309627,
        2.2148660031874345,
        2.2134161887049877,
        2.244027124367831,
        2.295347583431233,
        2.313478296670463,
        2.316922042276581,
        2.334259554182336,
        2.3517856373471093,
        2.3637104659364296,
        2.364537992364702
    ],
    "val_accuracy": [
        0.4373650107991361,
        0.5243580513558915,
        0.5856731461483081,
        0.6010319174466042,
        0.6414686825053996,
        0.658147348212143,
        0.6833453323734101,
        0.6547876169906407,
        0.699184065274778,
        0.701103911687065,
        0.7146628269738421,
        0.7135829133669307,
        0.7122630189584833,
        0.7169426445884329,
        0.7186225101991841,
        0.7353011759059275,
        0.7200623950083993,
        0.7351811855051595,
        0.7115430765538757,
        0.7337413006959443,
        0.7263018958483322,
        0.7135829133669307,
        0.7443004559635229,
        0.7439404847612191,
        0.7473002159827213,
        0.7291816654667627,
        0.7399808015358771,
        0.724622030237581,
        0.7350611951043916,
        0.7389008879289657,
        0.7473002159827213,
        0.7277417806575474,
        0.7516198704103672,
        0.7491000719942404,
        0.7356611471082314,
        0.7525797936165107,
        0.7530597552195825,
        0.7516198704103672,
        0.7497000239980801,
        0.751979841612671,
        0.7523398128149748,
        0.7511399088072954,
        0.7492200623950084,
        0.7508999280057596,
        0.7491000719942404,
        0.7494600431965442,
        0.7485001199904008,
        0.7451403887688984
    ],
    "test_loss": 2.1433324417114257,
    "test_accuracy": 0.7514000000000001
}