{
    "train_loss": [
        3.3870628411797448,
        2.5693054405158477,
        2.1665079106818994,
        1.9133958158539734,
        1.72357224401267,
        1.579938174896266,
        1.4478215378748611,
        1.3206418104752664,
        1.245075817928251,
        1.1403251942416135,
        1.0473796122040038,
        0.9694035234029801,
        0.8852689767968338,
        0.8056960687463648,
        0.7530497548677378,
        0.670839218613121,
        0.614095469809858,
        0.5582452541741946,
        0.4867753035663192,
        0.44174376350835515,
        0.3923317217274085,
        0.34944808248095927,
        0.29959438664584126,
        0.2633321197467308,
        0.22579595573890757,
        0.2046543494770303,
        0.23216336110959684,
        0.15730131780582515,
        0.13119397858922732,
        0.11636287072235428,
        0.10108067084758561,
        0.09337389458239463,
        0.08402932876326867,
        0.07353402113454385,
        0.06557458287859302,
        0.058116407607182057,
        0.054480394864827274,
        0.050446631234982414,
        0.04584531536037995,
        0.04383733669169316,
        0.041008947380693515,
        0.038075281070020915,
        0.03735341663099807,
        0.036201614617201845,
        0.03611172862389476,
        0.0360712997779385,
        0.036811924998135195,
        0.03826160275508543,
        0.04162265007350627,
        0.04487323850917765
    ],
    "train_accuracy": [
        0.29966879470071517,
        0.469855517688283,
        0.5384966159458551,
        0.5915614649834396,
        0.6279460471367542,
        0.6570105121681946,
        0.6807948927182834,
        0.7056352901646425,
        0.71984351749628,
        0.7422598761580185,
        0.7608121729947679,
        0.7741323861181778,
        0.7911726587625402,
        0.809124945999136,
        0.8182210915374646,
        0.839629434070945,
        0.8538856621705947,
        0.8661258580137282,
        0.8837661402582441,
        0.894230307684923,
        0.9113185810972975,
        0.9228147650362405,
        0.9340949455191282,
        0.9435990975855613,
        0.9537272596361541,
        0.9594393510296164,
        0.9589593433494935,
        0.9745355925694811,
        0.9804156866509863,
        0.984183746939951,
        0.9878798060768972,
        0.989343829501272,
        0.9902558440935054,
        0.9939999039984639,
        0.9954159266548264,
        0.9970959535352565,
        0.9975519608313732,
        0.9981519704315268,
        0.9985599769596313,
        0.998679978879662,
        0.9993759900158402,
        0.99968799500792,
        0.9997119953919262,
        0.9997599961599385,
        0.9998799980799692,
        0.9997599961599385,
        0.9998319973119569,
        0.9997599961599385,
        0.9994239907838525,
        0.9992079873277971
    ],
    "val_loss": [
        1.4582679184729859,
        1.4110790970287135,
        1.1618037118252615,
        1.0892747522745025,
        1.3642712701044981,
        1.0762987415196086,
        1.0353300443278075,
        1.2814144257993356,
        1.0851663851984004,
        0.8661722453744228,
        0.8607905521534718,
        0.8118639871717672,
        0.9150716428823085,
        0.9719038549761478,
        0.8255299977441471,
        0.9479002770915259,
        0.9741867503617517,
        0.9806583095346391,
        0.9777310016860715,
        1.1348812081186155,
        1.353456887461912,
        1.139803157054122,
        1.1993738907202274,
        1.2300281684290513,
        1.3635594352475453,
        2.2424182465015225,
        1.4843610693631997,
        1.4391905804003118,
        1.5521690475874905,
        1.54148341832986,
        1.632382724563767,
        1.8705589986402467,
        1.8060368691699122,
        1.9309795846577482,
        1.8378169799783632,
        1.9220860121717607,
        1.9683058571981418,
        1.9741892144638256,
        2.089541866134504,
        2.053251826394111,
        2.053754553052199,
        2.0939596420802573,
        2.1212175488042866,
        2.1244396045964944,
        2.1500176883356046,
        2.161560604376046,
        2.173375255517431,
        2.176126794561025,
        2.1979421257314735,
        2.213363106541992
    ],
    "val_accuracy": [
        0.45632349412047035,
        0.49892008639308855,
        0.5778737700983921,
        0.6115910727141829,
        0.5503959683225342,
        0.6205903527717782,
        0.6298296136309095,
        0.5987520998320134,
        0.6351091912646988,
        0.7042236621070315,
        0.7117830573554116,
        0.7307415406767459,
        0.7055435565154787,
        0.6989440844732422,
        0.7365010799136069,
        0.7235421166306696,
        0.7116630669546437,
        0.7272618190544756,
        0.7367410607151428,
        0.7126229901607871,
        0.7048236141108711,
        0.7462203023758099,
        0.7416606671466283,
        0.7489800815934725,
        0.7385409167266619,
        0.658147348212143,
        0.7391408687305016,
        0.748140148788097,
        0.7450203983681305,
        0.7547396208303335,
        0.7552195824334054,
        0.7456203503719703,
        0.7525797936165107,
        0.7471802255819534,
        0.7549796016318695,
        0.7554595632349412,
        0.7556995440364771,
        0.7530597552195825,
        0.7537796976241901,
        0.7589392848572114,
        0.7573794096472283,
        0.7576193904487641,
        0.7566594672426206,
        0.7589392848572114,
        0.7580993520518359,
        0.7565394768418526,
        0.7577393808495321,
        0.7564194864410847,
        0.7565394768418526,
        0.7556995440364771
    ],
    "test_loss": 2.156377217102051,
    "test_accuracy": 0.755
}